bird,band_id,sex
1,F-2023-01,female
2,M-2023-01,male
3,H-2023-01-1,female
4,H-2023-01-2,male
5,H-2023-01-3,male
6,F-2023-03,female
7,M-2023-03,male
8,H-2023-03-1,male
9,H-2023-03-2,female
10,H-2023-03-3,female
11,H-2023-03-4,male
12,H-2023-03-5,male
13,F-2023-04,female
14,M-2023-04,male
15,H-2023-04-1,female
16,H-2023-04-2,male
17,H-2023-04-3,male
18,F-2023-05,female
19,M-2023-05,male
20,H-2023-05-1,female
21,H-2023-05-2,male
22,H-2023-05-3,female
23,F-2023-07,female
24,M-2023-07,male
25,H-2023-07-1,male
26,H-2023-07-2,female
27,H-2023-07-3,male
28,F-2023-08,female
29,M-2023-08,male
30,H-2023-08-1,male
31,H-2023-08-2,male
32,H-2023-08-3,female
33,F-2023-09,female
34,M-2023-09,male
35,H-2023-09-1,female
36,H-2023-09-2,male
37,H-2023-09-3,female
38,H-2023-09-4,male
39,F-2024-01,female
40,M-2024-01,male
41,H-2024-01-1,female
42,H-2024-01-2,female
43,H-2024-01-3,female
44,F-2024-02,female
45,M-2024-02,male
46,H-2024-02-1,male
47,H-2024-02-2,male
48,H-2024-02-3,male
49,H-2024-02-4,male
50,H-2024-02-5,female
51,M-2024-05,male
52,H-2024-05-1,female
53,H-2024-05-2,male
54,H-2024-05-3,female
55,F-2024-06,female
56,M-2024-06,male
57,H-2024-06-1,female
58,H-2024-06-2,female
59,H-2024-06-3,male
60,H-2024-06-4,female
61,F-2024-07,female
62,M-2024-07,male
63,H-2024-07-1,female
64,H-2024-07-2,male
65,H-2024-07-3,male
66,M-2024-08,male
67,H-2024-08-1,male
68,H-2024-08-2,male
69,H-2024-08-3,male
70,H-2024-08-4,male
71,M-2024-09,male
72,H-2024-09-1,male
73,H-2024-09-2,female
74,H-2024-09-3,male
75,H-2024-09-4,male
76,H-2024-09-5,male
