tracker_id,bird_id,deployed_date,retrieved_date
1,1,2023-04-19,2023-05-03
2,1,2023-05-03,2023-06-18
3,2,2023-04-19,2023-06-18
4,6,2023-05-02,2023-07-01
5,7,2023-05-02,2023-07-01
6,13,2023-04-26,2023-06-25
7,14,2023-04-26,2023-06-25
8,18,2023-05-01,2023-06-30
9,19,2023-05-01,2023-06-30
10,23,2023-05-01,2023-06-30
11,24,2023-05-01,2023-05-20
12,24,2023-05-20,2023-06-30
13,28,2023-05-05,2023-06-04
14,28,2023-06-04,2023-07-04
15,29,2023-05-05,2023-07-04
16,33,2023-05-04,2023-05-22
17,33,2023-05-22,2023-07-03
18,34,2023-05-04,2023-07-03
19,39,2024-04-17,2024-06-16
20,40,2024-04-17,2024-06-16
21,44,2024-05-05,2024-07-04
22,45,2024-05-05,2024-05-12
23,45,2024-05-12,2024-07-04
24,32,2024-04-27,2024-06-26
25,51,2024-04-27,2024-06-26
26,55,2024-04-30,
27,56,2024-04-30,2024-06-29
28,61,2024-05-01,2024-06-30
29,62,2024-05-01,2024-06-30
30,17,2024-05-05,2024-07-04
31,66,2024-05-05,2024-07-04
32,21,2024-04-29,2024-06-28
33,71,2024-04-29,2024-06-28
34,3,2023-05-20,2023-06-29
35,4,2023-05-20,
36,5,2023-05-20,2023-06-29
37,8,2023-06-02,2023-07-12
38,9,2023-06-02,2023-06-06
39,9,2023-06-06,2023-07-12
40,10,2023-06-02,2023-07-12
41,11,2023-06-02,2023-06-12
42,11,2023-06-12,2023-07-12
43,12,2023-06-02,2023-07-12
44,15,2023-05-27,2023-07-06
45,16,2023-05-27,2023-07-06
46,17,2023-05-27,2023-07-06
47,20,2023-06-01,2023-07-11
48,21,2023-06-01,2023-07-11
49,22,2023-06-01,2023-07-11
50,25,2023-06-01,2023-07-11
51,26,2023-06-01,2023-07-11
52,27,2023-06-01,2023-07-11
53,30,2023-06-05,2023-06-14
54,30,2023-06-14,2023-07-15
55,31,2023-06-05,2023-07-15
56,32,2023-06-05,2023-07-15
57,35,2023-06-04,2023-07-14
58,36,2023-06-04,2023-07-14
59,37,2023-06-04,
60,38,2023-06-04,2023-06-08
61,38,2023-06-08,2023-07-14
62,41,2024-05-18,
63,42,2024-05-18,
64,43,2024-05-18,2024-06-27
65,46,2024-06-05,
66,47,2024-06-05,2024-07-15
67,48,2024-06-05,2024-07-15
68,49,2024-06-05,2024-07-15
69,50,2024-06-05,2024-06-09
70,50,2024-06-09,2024-07-15
71,52,2024-05-28,2024-07-07
72,53,2024-05-28,2024-06-13
73,53,2024-06-13,2024-07-07
74,54,2024-05-28,2024-07-07
75,57,2024-05-31,2024-07-10
76,58,2024-05-31,2024-06-15
77,58,2024-06-15,2024-07-10
78,59,2024-05-31,
79,60,2024-05-31,2024-06-09
80,60,2024-06-09,2024-07-10
81,63,2024-06-01,2024-07-11
82,64,2024-06-01,2024-07-11
83,65,2024-06-01,2024-06-14
84,65,2024-06-14,2024-07-11
85,67,2024-06-05,2024-07-15
86,68,2024-06-05,2024-06-12
87,68,2024-06-12,2024-07-15
88,69,2024-06-05,2024-06-19
89,69,2024-06-19,2024-07-15
90,70,2024-06-05,2024-07-15
91,72,2024-05-30,2024-07-09
92,73,2024-05-30,
93,74,2024-05-30,2024-06-06
94,74,2024-06-06,2024-07-09
95,75,2024-05-30,
96,76,2024-05-30,2024-07-09
