tracker_id,model
1,Lotek PinPoint 10
2,Druid Wildlife GPS-Tag
3,PathTrack nanoFix
4,Druid Wildlife GPS-Tag
5,PathTrack nanoFix
6,Lotek PinPoint 10
7,PathTrack nanoFix
8,Druid Wildlife GPS-Tag
9,Druid Wildlife GPS-Tag
10,Druid Wildlife GPS-Tag
11,PathTrack nanoFix
12,Lotek PinPoint 10
13,Lotek PinPoint 10
14,Druid Wildlife GPS-Tag
15,PathTrack nanoFix
16,Lotek PinPoint 10
17,PathTrack nanoFix
18,PathTrack nanoFix
19,Druid Wildlife GPS-Tag
20,Druid Wildlife GPS-Tag
21,Druid Wildlife GPS-Tag
22,PathTrack nanoFix
23,PathTrack nanoFix
24,PathTrack nanoFix
25,Lotek PinPoint 10
26,Lotek PinPoint 10
27,PathTrack nanoFix
28,Lotek PinPoint 10
29,Druid Wildlife GPS-Tag
30,Lotek PinPoint 10
31,Lotek PinPoint 10
32,Druid Wildlife GPS-Tag
33,Druid Wildlife GPS-Tag
34,Druid Wildlife GPS-Tag
35,Druid Wildlife GPS-Tag
36,Druid Wildlife GPS-Tag
37,Lotek PinPoint 10
38,Druid Wildlife GPS-Tag
39,Lotek PinPoint 10
40,PathTrack nanoFix
41,PathTrack nanoFix
42,PathTrack nanoFix
43,Lotek PinPoint 10
44,Lotek PinPoint 10
45,PathTrack nanoFix
46,Lotek PinPoint 10
47,PathTrack nanoFix
48,Druid Wildlife GPS-Tag
49,Druid Wildlife GPS-Tag
50,Lotek PinPoint 10
51,Druid Wildlife GPS-Tag
52,PathTrack nanoFix
53,PathTrack nanoFix
54,Lotek PinPoint 10
55,PathTrack nanoFix
56,Druid Wildlife GPS-Tag
57,Druid Wildlife GPS-Tag
58,PathTrack nanoFix
59,Druid Wildlife GPS-Tag
60,Druid Wildlife GPS-Tag
61,Lotek PinPoint 10
62,Druid Wildlife GPS-Tag
63,Druid Wildlife GPS-Tag
64,Lotek PinPoint 10
65,Lotek PinPoint 10
66,PathTrack nanoFix
67,PathTrack nanoFix
68,Druid Wildlife GPS-Tag
69,Druid Wildlife GPS-Tag
70,PathTrack nanoFix
71,PathTrack nanoFix
72,Druid Wildlife GPS-Tag
73,PathTrack nanoFix
74,PathTrack nanoFix
75,PathTrack nanoFix
76,Lotek PinPoint 10
77,PathTrack nanoFix
78,Druid Wildlife GPS-Tag
79,Lotek PinPoint 10
80,Druid Wildlife GPS-Tag
81,Lotek PinPoint 10
82,Druid Wildlife GPS-Tag
83,Druid Wildlife GPS-Tag
84,PathTrack nanoFix
85,Druid Wildlife GPS-Tag
86,Druid Wildlife GPS-Tag
87,Druid Wildlife GPS-Tag
88,PathTrack nanoFix
89,PathTrack nanoFix
90,PathTrack nanoFix
91,PathTrack nanoFix
92,Lotek PinPoint 10
93,PathTrack nanoFix
94,Lotek PinPoint 10
95,Druid Wildlife GPS-Tag
96,PathTrack nanoFix
